[{"Country Name":"China","Population (Millions) - 2013":"1360.76"},{"Country Name":"India","Population (Millions) - 2013":"1239.26"},{"Country Name":"USA","Population (Millions) - 2013":"316.85"},{"Country Name":"Indonesia","Population (Millions) - 2013":"247.95"},{"Country Name":"Brazil","Population (Millions) - 2013":"199.88"},{"Country Name":"Russia","Population (Millions) - 2013":"141.44"},{"Country Name":"Japan","Population (Millions) - 2013":"127.34"},{"Country Name":"Mexico","Population (Millions) - 2013":"116.02"},{"Country Name":"Germany","Population (Millions) - 2013":"81.75"},{"Country Name":"Turkey","Population (Millions) - 2013":"75.81"},{"Country Name":"United Kingdom","Population (Millions) - 2013":"63.76"},{"Country Name":"France","Population (Millions) - 2013":"63.7"},{"Country Name":"Italy","Population (Millions) - 2013":"61"},{"Country Name":"South Africa","Population (Millions) - 2013":"51.81"},{"Country Name":"Republic of Korea","Population (Millions) - 2013":"50.24"},{"Country Name":"Argentina","Population (Millions) - 2013":"41.49"},{"Country Name":"Canada","Population (Millions) - 2013":"35.21"},{"Country Name":"Saudi Arabia","Population (Millions) - 2013":"26.93"},{"Country Name":"Australia","Population (Millions) - 2013":"23.05"}]